"Country or Area","Year(s)","Variant","Value"
"Iceland","2100","Medium","368.486"
"Iceland","2100","High","515.924"
"Iceland","2100","Low","254.985"
"Iceland","2100","Constant fertility","380.713"
"Iceland","2100","Instant replacement","491.426"
"Iceland","2100","Zero migration","325.346"
"Iceland","2100","Constant mortality","328.226"
"Iceland","2100","No change","340.293"
"Iceland","2100","Momentum","401.28"
"Iceland","2100","Instant replacement zero migration","441.335"
"Iceland","2100","Median PI","368.486"
"Iceland","2100","Upper 80 PI","451.565"
"Iceland","2100","Lower 80 PI","308.359"
"Iceland","2100","Upper 95 PI","511.62"
"Iceland","2100","Lower 95 PI","273.111"
"Iceland","2099","Medium","369.483"
"Iceland","2099","High","513.781"
"Iceland","2099","Low","257.793"
"Iceland","2099","Constant fertility","381.457"
"Iceland","2099","Instant replacement","489.983"
"Iceland","2099","Zero migration","326.881"
"Iceland","2099","Constant mortality","329.723"
"Iceland","2099","No change","341.551"
"Iceland","2099","Momentum","401.2"
"Iceland","2099","Instant replacement zero migration","440.628"
"Iceland","2099","Median PI","369.484"
"Iceland","2099","Upper 80 PI","451.298"
"Iceland","2099","Lower 80 PI","310.608"
"Iceland","2099","Upper 95 PI","509.696"
"Iceland","2099","Lower 95 PI","276.145"
"Iceland","2098","Medium","370.488"
"Iceland","2098","High","511.663"
"Iceland","2098","Low","260.603"
"Iceland","2098","Constant fertility","382.209"
"Iceland","2098","Instant replacement","488.542"
"Iceland","2098","Zero migration","328.417"
"Iceland","2098","Constant mortality","331.218"
"Iceland","2098","No change","342.805"
"Iceland","2098","Momentum","401.108"
"Iceland","2098","Instant replacement zero migration","439.925"
"Iceland","2098","Median PI","370.487"
"Iceland","2098","Upper 80 PI","451.01"
"Iceland","2098","Lower 80 PI","312.518"
"Iceland","2098","Upper 95 PI","507.509"
"Iceland","2098","Lower 95 PI","278.953"
"Iceland","2097","Medium","371.511"
"Iceland","2097","High","509.607"
"Iceland","2097","Low","263.435"
"Iceland","2097","Constant fertility","382.974"
"Iceland","2097","Instant replacement","487.11"
"Iceland","2097","Zero migration","329.978"
"Iceland","2097","Constant mortality","332.729"
"Iceland","2097","No change","344.063"
"Iceland","2097","Momentum","401"
"Iceland","2097","Instant replacement zero migration","439.237"
"Iceland","2097","Median PI","371.511"
"Iceland","2097","Upper 80 PI","450.487"
"Iceland","2097","Lower 80 PI","314.009"
"Iceland","2097","Upper 95 PI","504.702"
"Iceland","2097","Lower 95 PI","281.219"
"Iceland","2096","Medium","372.56"
"Iceland","2096","High","507.61"
"Iceland","2096","Low","266.29"
"Iceland","2096","Constant fertility","383.75"
"Iceland","2096","Instant replacement","485.695"
"Iceland","2096","Zero migration","331.56"
"Iceland","2096","Constant mortality","334.252"
"Iceland","2096","No change","345.329"
"Iceland","2096","Momentum","400.878"
"Iceland","2096","Instant replacement zero migration","438.56"
"Iceland","2096","Median PI","372.56"
"Iceland","2096","Upper 80 PI","449.885"
"Iceland","2096","Lower 80 PI","315.749"
"Iceland","2096","Upper 95 PI","501.788"
"Iceland","2096","Lower 95 PI","283.281"
"Iceland","2095","Medium","373.622"
"Iceland","2095","High","505.663"
"Iceland","2095","Low","269.16"
"Iceland","2095","Constant fertility","384.543"
"Iceland","2095","Instant replacement","484.312"
"Iceland","2095","Zero migration","333.161"
"Iceland","2095","Constant mortality","335.776"
"Iceland","2095","No change","346.594"
"Iceland","2095","Momentum","400.752"
"Iceland","2095","Instant replacement zero migration","437.903"
"Iceland","2095","Median PI","373.622"
"Iceland","2095","Upper 80 PI","449.159"
"Iceland","2095","Lower 80 PI","317.579"
"Iceland","2095","Upper 95 PI","499.297"
"Iceland","2095","Lower 95 PI","285.577"
"Iceland","2094","Medium","374.714"
"Iceland","2094","High","503.793"
"Iceland","2094","Low","272.056"
"Iceland","2094","Constant fertility","385.365"
"Iceland","2094","Instant replacement","482.972"
"Iceland","2094","Zero migration","334.801"
"Iceland","2094","Constant mortality","337.298"
"Iceland","2094","No change","347.859"
"Iceland","2094","Momentum","400.632"
"Iceland","2094","Instant replacement zero migration","437.291"
"Iceland","2094","Median PI","374.713"
"Iceland","2094","Upper 80 PI","448.572"
"Iceland","2094","Lower 80 PI","319.177"
"Iceland","2094","Upper 95 PI","497.767"
"Iceland","2094","Lower 95 PI","287.913"
"Iceland","2093","Medium","375.847"
"Iceland","2093","High","501.998"
"Iceland","2093","Low","274.989"
"Iceland","2093","Constant fertility","386.231"
"Iceland","2093","Instant replacement","481.68"
"Iceland","2093","Zero migration","336.48"
"Iceland","2093","Constant mortality","338.833"
"Iceland","2093","No change","349.132"
"Iceland","2093","Momentum","400.519"
"Iceland","2093","Instant replacement zero migration","436.734"
"Iceland","2093","Median PI","375.847"
"Iceland","2093","Upper 80 PI","448.532"
"Iceland","2093","Lower 80 PI","321.163"
"Iceland","2093","Upper 95 PI","496.532"
"Iceland","2093","Lower 95 PI","290.38"
"Iceland","2092","Medium","377.022"
"Iceland","2092","High","500.289"
"Iceland","2092","Low","277.957"
"Iceland","2092","Constant fertility","387.14"
"Iceland","2092","Instant replacement","480.441"
"Iceland","2092","Zero migration","338.204"
"Iceland","2092","Constant mortality","340.392"
"Iceland","2092","No change","350.426"
"Iceland","2092","Momentum","400.427"
"Iceland","2092","Instant replacement zero migration","436.236"
"Iceland","2092","Median PI","377.022"
"Iceland","2092","Upper 80 PI","448.263"
"Iceland","2092","Lower 80 PI","323.462"
"Iceland","2092","Upper 95 PI","495.003"
"Iceland","2092","Lower 95 PI","293.051"
"Iceland","2091","Medium","378.243"
"Iceland","2091","High","498.672"
"Iceland","2091","Low","280.964"
"Iceland","2091","Constant fertility","388.087"
"Iceland","2091","Instant replacement","479.276"
"Iceland","2091","Zero migration","339.973"
"Iceland","2091","Constant mortality","341.972"
"Iceland","2091","No change","351.741"
"Iceland","2091","Momentum","400.368"
"Iceland","2091","Instant replacement zero migration","435.798"
"Iceland","2091","Median PI","378.244"
"Iceland","2091","Upper 80 PI","447.833"
"Iceland","2091","Lower 80 PI","325.798"
"Iceland","2091","Upper 95 PI","494.037"
"Iceland","2091","Lower 95 PI","295.968"
"Iceland","2090","Medium","379.5"
"Iceland","2090","High","497.134"
"Iceland","2090","Low","284.01"
"Iceland","2090","Constant fertility","389.081"
"Iceland","2090","Instant replacement","478.185"
"Iceland","2090","Zero migration","341.783"
"Iceland","2090","Constant mortality","343.57"
"Iceland","2090","No change","353.083"
"Iceland","2090","Momentum","400.349"
"Iceland","2090","Instant replacement zero migration","435.423"
"Iceland","2090","Median PI","379.5"
"Iceland","2090","Upper 80 PI","447.767"
"Iceland","2090","Lower 80 PI","327.958"
"Iceland","2090","Upper 95 PI","492.928"
"Iceland","2090","Lower 95 PI","299.124"
"Iceland","2089","Medium","380.791"
"Iceland","2089","High","495.665"
"Iceland","2089","Low","287.072"
"Iceland","2089","Constant fertility","390.113"
"Iceland","2089","Instant replacement","477.148"
"Iceland","2089","Zero migration","343.632"
"Iceland","2089","Constant mortality","345.195"
"Iceland","2089","No change","354.455"
"Iceland","2089","Momentum","400.378"
"Iceland","2089","Instant replacement zero migration","435.116"
"Iceland","2089","Median PI","380.791"
"Iceland","2089","Upper 80 PI","447.555"
"Iceland","2089","Lower 80 PI","330.243"
"Iceland","2089","Upper 95 PI","491.322"
"Iceland","2089","Lower 95 PI","301.912"
"Iceland","2088","Medium","382.117"
"Iceland","2088","High","494.274"
"Iceland","2088","Low","290.159"
"Iceland","2088","Constant fertility","391.18"
"Iceland","2088","Instant replacement","476.181"
"Iceland","2088","Zero migration","345.514"
"Iceland","2088","Constant mortality","346.854"
"Iceland","2088","No change","355.868"
"Iceland","2088","Momentum","400.467"
"Iceland","2088","Instant replacement zero migration","434.87"
"Iceland","2088","Median PI","382.117"
"Iceland","2088","Upper 80 PI","447.285"
"Iceland","2088","Lower 80 PI","332.585"
"Iceland","2088","Upper 95 PI","489.43"
"Iceland","2088","Lower 95 PI","304.134"
"Iceland","2087","Medium","383.467"
"Iceland","2087","High","492.961"
"Iceland","2087","Low","293.266"
"Iceland","2087","Constant fertility","392.275"
"Iceland","2087","Instant replacement","475.281"
"Iceland","2087","Zero migration","347.433"
"Iceland","2087","Constant mortality","348.555"
"Iceland","2087","No change","357.313"
"Iceland","2087","Momentum","400.627"
"Iceland","2087","Instant replacement zero migration","434.695"
"Iceland","2087","Median PI","383.467"
"Iceland","2087","Upper 80 PI","447.244"
"Iceland","2087","Lower 80 PI","334.954"
"Iceland","2087","Upper 95 PI","488.056"
"Iceland","2087","Lower 95 PI","306.581"
"Iceland","2086","Medium","384.839"
"Iceland","2086","High","491.707"
"Iceland","2086","Low","296.386"
"Iceland","2086","Constant fertility","393.39"
"Iceland","2086","Instant replacement","474.436"
"Iceland","2086","Zero migration","349.387"
"Iceland","2086","Constant mortality","350.286"
"Iceland","2086","No change","358.786"
"Iceland","2086","Momentum","400.853"
"Iceland","2086","Instant replacement zero migration","434.589"
"Iceland","2086","Median PI","384.839"
"Iceland","2086","Upper 80 PI","447.259"
"Iceland","2086","Lower 80 PI","337.201"
"Iceland","2086","Upper 95 PI","486.993"
"Iceland","2086","Lower 95 PI","309.259"
"Iceland","2085","Medium","386.222"
"Iceland","2085","High","490.502"
"Iceland","2085","Low","299.507"
"Iceland","2085","Constant fertility","394.523"
"Iceland","2085","Instant replacement","473.65"
"Iceland","2085","Zero migration","351.348"
"Iceland","2085","Constant mortality","352.046"
"Iceland","2085","No change","360.305"
"Iceland","2085","Momentum","401.156"
"Iceland","2085","Instant replacement zero migration","434.529"
"Iceland","2085","Median PI","386.222"
"Iceland","2085","Upper 80 PI","446.964"
"Iceland","2085","Lower 80 PI","339.31"
"Iceland","2085","Upper 95 PI","485.823"
"Iceland","2085","Lower 95 PI","312.03"
"Iceland","2084","Medium","387.604"
"Iceland","2084","High","489.334"
"Iceland","2084","Low","302.616"
"Iceland","2084","Constant fertility","395.658"
"Iceland","2084","Instant replacement","472.909"
"Iceland","2084","Zero migration","353.308"
"Iceland","2084","Constant mortality","353.845"
"Iceland","2084","No change","361.864"
"Iceland","2084","Momentum","401.528"
"Iceland","2084","Instant replacement zero migration","434.512"
"Iceland","2084","Median PI","387.604"
"Iceland","2084","Upper 80 PI","446.955"
"Iceland","2084","Lower 80 PI","341.582"
"Iceland","2084","Upper 95 PI","484.914"
"Iceland","2084","Lower 95 PI","315.001"
"Iceland","2083","Medium","388.984"
"Iceland","2083","High","488.197"
"Iceland","2083","Low","305.711"
"Iceland","2083","Constant fertility","396.788"
"Iceland","2083","Instant replacement","472.2"
"Iceland","2083","Zero migration","355.272"
"Iceland","2083","Constant mortality","355.671"
"Iceland","2083","No change","363.447"
"Iceland","2083","Momentum","401.976"
"Iceland","2083","Instant replacement zero migration","434.538"
"Iceland","2083","Median PI","388.984"
"Iceland","2083","Upper 80 PI","447.356"
"Iceland","2083","Lower 80 PI","343.941"
"Iceland","2083","Upper 95 PI","484.006"
"Iceland","2083","Lower 95 PI","317.896"
"Iceland","2082","Medium","390.349"
"Iceland","2082","High","487.085"
"Iceland","2082","Low","308.781"
"Iceland","2082","Constant fertility","397.901"
"Iceland","2082","Instant replacement","471.515"
"Iceland","2082","Zero migration","357.228"
"Iceland","2082","Constant mortality","357.515"
"Iceland","2082","No change","365.049"
"Iceland","2082","Momentum","402.488"
"Iceland","2082","Instant replacement zero migration","434.591"
"Iceland","2082","Median PI","390.35"
"Iceland","2082","Upper 80 PI","447.338"
"Iceland","2082","Lower 80 PI","346.279"
"Iceland","2082","Upper 95 PI","483.436"
"Iceland","2082","Lower 95 PI","320.744"
"Iceland","2081","Medium","391.691"
"Iceland","2081","High","485.983"
"Iceland","2081","Low","311.829"
"Iceland","2081","Constant fertility","399"
"Iceland","2081","Instant replacement","470.851"
"Iceland","2081","Zero migration","359.167"
"Iceland","2081","Constant mortality","359.38"
"Iceland","2081","No change","366.67"
"Iceland","2081","Momentum","403.046"
"Iceland","2081","Instant replacement zero migration","434.663"
"Iceland","2081","Median PI","391.691"
"Iceland","2081","Upper 80 PI","447.173"
"Iceland","2081","Lower 80 PI","348.381"
"Iceland","2081","Upper 95 PI","482.844"
"Iceland","2081","Lower 95 PI","323.259"
"Iceland","2080","Medium","393.007"
"Iceland","2080","High","484.873"
"Iceland","2080","Low","314.836"
"Iceland","2080","Constant fertility","400.071"
"Iceland","2080","Instant replacement","470.195"
"Iceland","2080","Zero migration","361.082"
"Iceland","2080","Constant mortality","361.26"
"Iceland","2080","No change","368.307"
"Iceland","2080","Momentum","403.654"
"Iceland","2080","Instant replacement zero migration","434.741"
"Iceland","2080","Median PI","393.007"
"Iceland","2080","Upper 80 PI","447.116"
"Iceland","2080","Lower 80 PI","350.385"
"Iceland","2080","Upper 95 PI","481.887"
"Iceland","2080","Lower 95 PI","325.654"
"Iceland","2079","Medium","394.286"
"Iceland","2079","High","483.747"
"Iceland","2079","Low","317.798"
"Iceland","2079","Constant fertility","401.113"
"Iceland","2079","Instant replacement","469.539"
"Iceland","2079","Zero migration","362.966"
"Iceland","2079","Constant mortality","363.139"
"Iceland","2079","No change","369.952"
"Iceland","2079","Momentum","404.297"
"Iceland","2079","Instant replacement zero migration","434.819"
"Iceland","2079","Median PI","394.286"
"Iceland","2079","Upper 80 PI","446.967"
"Iceland","2079","Lower 80 PI","352.338"
"Iceland","2079","Upper 95 PI","480.767"
"Iceland","2079","Lower 95 PI","328.189"
"Iceland","2078","Medium","395.524"
"Iceland","2078","High","482.599"
"Iceland","2078","Low","320.726"
"Iceland","2078","Constant fertility","402.127"
"Iceland","2078","Instant replacement","468.878"
"Iceland","2078","Zero migration","364.809"
"Iceland","2078","Constant mortality","365"
"Iceland","2078","No change","371.589"
"Iceland","2078","Momentum","404.969"
"Iceland","2078","Instant replacement zero migration","434.899"
"Iceland","2078","Median PI","395.524"
"Iceland","2078","Upper 80 PI","446.868"
"Iceland","2078","Lower 80 PI","354.357"
"Iceland","2078","Upper 95 PI","479.297"
"Iceland","2078","Lower 95 PI","330.728"
"Iceland","2077","Medium","396.72"
"Iceland","2077","High","481.432"
"Iceland","2077","Low","323.605"
"Iceland","2077","Constant fertility","403.097"
"Iceland","2077","Instant replacement","468.209"
"Iceland","2077","Zero migration","366.608"
"Iceland","2077","Constant mortality","366.851"
"Iceland","2077","No change","373.216"
"Iceland","2077","Momentum","405.658"
"Iceland","2077","Instant replacement zero migration","434.964"
"Iceland","2077","Median PI","396.72"
"Iceland","2077","Upper 80 PI","446.713"
"Iceland","2077","Lower 80 PI","356.403"
"Iceland","2077","Upper 95 PI","477.869"
"Iceland","2077","Lower 95 PI","333.233"
"Iceland","2076","Medium","397.868"
"Iceland","2076","High","480.226"
"Iceland","2076","Low","326.438"
"Iceland","2076","Constant fertility","404.03"
"Iceland","2076","Instant replacement","467.521"
"Iceland","2076","Zero migration","368.373"
"Iceland","2076","Constant mortality","368.678"
"Iceland","2076","No change","374.829"
"Iceland","2076","Momentum","406.346"
"Iceland","2076","Instant replacement zero migration","435.012"
"Iceland","2076","Median PI","397.869"
"Iceland","2076","Upper 80 PI","446.316"
"Iceland","2076","Lower 80 PI","358.315"
"Iceland","2076","Upper 95 PI","476.669"
"Iceland","2076","Lower 95 PI","335.446"
"Iceland","2075","Medium","398.961"
"Iceland","2075","High","478.973"
"Iceland","2075","Low","329.219"
"Iceland","2075","Constant fertility","404.923"
"Iceland","2075","Instant replacement","466.803"
"Iceland","2075","Zero migration","370.089"
"Iceland","2075","Constant mortality","370.469"
"Iceland","2075","No change","376.418"
"Iceland","2075","Momentum","407.031"
"Iceland","2075","Instant replacement zero migration","435.031"
"Iceland","2075","Median PI","398.961"
"Iceland","2075","Upper 80 PI","445.974"
"Iceland","2075","Lower 80 PI","360.042"
"Iceland","2075","Upper 95 PI","475.213"
"Iceland","2075","Lower 95 PI","337.597"
"Iceland","2074","Medium","400.006"
"Iceland","2074","High","477.68"
"Iceland","2074","Low","331.952"
"Iceland","2074","Constant fertility","405.765"
"Iceland","2074","Instant replacement","466.048"
"Iceland","2074","Zero migration","371.753"
"Iceland","2074","Constant mortality","372.238"
"Iceland","2074","No change","377.978"
"Iceland","2074","Momentum","407.697"
"Iceland","2074","Instant replacement zero migration","435.014"
"Iceland","2074","Median PI","400.006"
"Iceland","2074","Upper 80 PI","445.734"
"Iceland","2074","Lower 80 PI","361.825"
"Iceland","2074","Upper 95 PI","473.592"
"Iceland","2074","Lower 95 PI","340.036"
"Iceland","2073","Medium","400.999"
"Iceland","2073","High","476.341"
"Iceland","2073","Low","334.632"
"Iceland","2073","Constant fertility","406.555"
"Iceland","2073","Instant replacement","465.243"
"Iceland","2073","Zero migration","373.365"
"Iceland","2073","Constant mortality","373.967"
"Iceland","2073","No change","379.503"
"Iceland","2073","Momentum","408.335"
"Iceland","2073","Instant replacement zero migration","434.957"
"Iceland","2073","Median PI","400.999"
"Iceland","2073","Upper 80 PI","445.493"
"Iceland","2073","Lower 80 PI","363.755"
"Iceland","2073","Upper 95 PI","472.166"
"Iceland","2073","Lower 95 PI","342.542"
"Iceland","2072","Medium","401.939"
"Iceland","2072","High","474.966"
"Iceland","2072","Low","337.253"
"Iceland","2072","Constant fertility","407.292"
"Iceland","2072","Instant replacement","464.395"
"Iceland","2072","Zero migration","374.92"
"Iceland","2072","Constant mortality","375.647"
"Iceland","2072","No change","380.989"
"Iceland","2072","Momentum","408.938"
"Iceland","2072","Instant replacement zero migration","434.845"
"Iceland","2072","Median PI","401.939"
"Iceland","2072","Upper 80 PI","445.27"
"Iceland","2072","Lower 80 PI","365.514"
"Iceland","2072","Upper 95 PI","470.958"
"Iceland","2072","Lower 95 PI","344.856"
"Iceland","2071","Medium","402.813"
"Iceland","2071","High","473.546"
"Iceland","2071","Low","339.818"
"Iceland","2071","Constant fertility","407.976"
"Iceland","2071","Instant replacement","463.493"
"Iceland","2071","Zero migration","376.419"
"Iceland","2071","Constant mortality","377.274"
"Iceland","2071","No change","382.428"
"Iceland","2071","Momentum","409.494"
"Iceland","2071","Instant replacement zero migration","434.678"
"Iceland","2071","Median PI","402.813"
"Iceland","2071","Upper 80 PI","444.812"
"Iceland","2071","Lower 80 PI","367.214"
"Iceland","2071","Upper 95 PI","469.779"
"Iceland","2071","Lower 95 PI","347.115"
"Iceland","2070","Medium","403.628"
"Iceland","2070","High","472.074"
"Iceland","2070","Low","342.327"
"Iceland","2070","Constant fertility","408.606"
"Iceland","2070","Instant replacement","462.531"
"Iceland","2070","Zero migration","377.858"
"Iceland","2070","Constant mortality","378.849"
"Iceland","2070","No change","383.818"
"Iceland","2070","Momentum","410.002"
"Iceland","2070","Instant replacement zero migration","434.449"
"Iceland","2070","Median PI","403.629"
"Iceland","2070","Upper 80 PI","444.026"
"Iceland","2070","Lower 80 PI","368.815"
"Iceland","2070","Upper 95 PI","468.41"
"Iceland","2070","Lower 95 PI","349.394"
"Iceland","2069","Medium","404.393"
"Iceland","2069","High","470.555"
"Iceland","2069","Low","344.781"
"Iceland","2069","Constant fertility","409.182"
"Iceland","2069","Instant replacement","461.517"
"Iceland","2069","Zero migration","379.236"
"Iceland","2069","Constant mortality","380.373"
"Iceland","2069","No change","385.161"
"Iceland","2069","Momentum","410.452"
"Iceland","2069","Instant replacement zero migration","434.159"
"Iceland","2069","Median PI","404.393"
"Iceland","2069","Upper 80 PI","443.518"
"Iceland","2069","Lower 80 PI","370.24"
"Iceland","2069","Upper 95 PI","466.917"
"Iceland","2069","Lower 95 PI","351.524"
"Iceland","2068","Medium","405.095"
"Iceland","2068","High","469.007"
"Iceland","2068","Low","347.166"
"Iceland","2068","Constant fertility","409.7"
"Iceland","2068","Instant replacement","460.445"
"Iceland","2068","Zero migration","380.553"
"Iceland","2068","Constant mortality","381.838"
"Iceland","2068","No change","386.445"
"Iceland","2068","Momentum","410.842"
"Iceland","2068","Instant replacement zero migration","433.808"
"Iceland","2068","Median PI","405.095"
"Iceland","2068","Upper 80 PI","443.068"
"Iceland","2068","Lower 80 PI","371.725"
"Iceland","2068","Upper 95 PI","465.17"
"Iceland","2068","Lower 95 PI","353.617"
"Iceland","2067","Medium","405.731"
"Iceland","2067","High","467.442"
"Iceland","2067","Low","349.479"
"Iceland","2067","Constant fertility","410.157"
"Iceland","2067","Instant replacement","459.305"
"Iceland","2067","Zero migration","381.81"
"Iceland","2067","Constant mortality","383.243"
"Iceland","2067","No change","387.672"
"Iceland","2067","Momentum","411.171"
"Iceland","2067","Instant replacement zero migration","433.396"
"Iceland","2067","Median PI","405.73"
"Iceland","2067","Upper 80 PI","442.263"
"Iceland","2067","Lower 80 PI","373.346"
"Iceland","2067","Upper 95 PI","463.369"
"Iceland","2067","Lower 95 PI","355.642"
"Iceland","2066","Medium","406.305"
"Iceland","2066","High","465.857"
"Iceland","2066","Low","351.731"
"Iceland","2066","Constant fertility","410.558"
"Iceland","2066","Instant replacement","458.108"
"Iceland","2066","Zero migration","383.004"
"Iceland","2066","Constant mortality","384.584"
"Iceland","2066","No change","388.836"
"Iceland","2066","Momentum","411.438"
"Iceland","2066","Instant replacement zero migration","432.923"
"Iceland","2066","Median PI","406.304"
"Iceland","2066","Upper 80 PI","441.272"
"Iceland","2066","Lower 80 PI","374.782"
"Iceland","2066","Upper 95 PI","461.97"
"Iceland","2066","Lower 95 PI","357.417"
"Iceland","2065","Medium","406.834"
"Iceland","2065","High","464.265"
"Iceland","2065","Low","353.932"
"Iceland","2065","Constant fertility","410.908"
"Iceland","2065","Instant replacement","456.865"
"Iceland","2065","Zero migration","384.144"
"Iceland","2065","Constant mortality","385.869"
"Iceland","2065","No change","389.942"
"Iceland","2065","Momentum","411.642"
"Iceland","2065","Instant replacement zero migration","432.387"
"Iceland","2065","Median PI","406.834"
"Iceland","2065","Upper 80 PI","440.232"
"Iceland","2065","Lower 80 PI","376.052"
"Iceland","2065","Upper 95 PI","460.675"
"Iceland","2065","Lower 95 PI","359.17"
"Iceland","2064","Medium","407.31"
"Iceland","2064","High","462.655"
"Iceland","2064","Low","356.062"
"Iceland","2064","Constant fertility","411.202"
"Iceland","2064","Instant replacement","455.565"
"Iceland","2064","Zero migration","385.231"
"Iceland","2064","Constant mortality","387.098"
"Iceland","2064","No change","390.993"
"Iceland","2064","Momentum","411.774"
"Iceland","2064","Instant replacement zero migration","431.787"
"Iceland","2064","Median PI","407.31"
"Iceland","2064","Upper 80 PI","439.409"
"Iceland","2064","Lower 80 PI","377.316"
"Iceland","2064","Upper 95 PI","459.176"
"Iceland","2064","Lower 95 PI","361.132"
"Iceland","2063","Medium","407.726"
"Iceland","2063","High","461.024"
"Iceland","2063","Low","358.118"
"Iceland","2063","Constant fertility","411.443"
"Iceland","2063","Instant replacement","454.216"
"Iceland","2063","Zero migration","386.258"
"Iceland","2063","Constant mortality","388.261"
"Iceland","2063","No change","391.981"
"Iceland","2063","Momentum","411.845"
"Iceland","2063","Instant replacement zero migration","431.137"
"Iceland","2063","Median PI","407.726"
"Iceland","2063","Upper 80 PI","438.892"
"Iceland","2063","Lower 80 PI","378.568"
"Iceland","2063","Upper 95 PI","457.534"
"Iceland","2063","Lower 95 PI","363.017"
"Iceland","2062","Medium","408.094"
"Iceland","2062","High","459.378"
"Iceland","2062","Low","360.114"
"Iceland","2062","Constant fertility","411.639"
"Iceland","2062","Instant replacement","452.829"
"Iceland","2062","Zero migration","387.231"
"Iceland","2062","Constant mortality","389.361"
"Iceland","2062","No change","392.908"
"Iceland","2062","Momentum","411.865"
"Iceland","2062","Instant replacement zero migration","430.437"
"Iceland","2062","Median PI","408.094"
"Iceland","2062","Upper 80 PI","438.109"
"Iceland","2062","Lower 80 PI","379.93"
"Iceland","2062","Upper 95 PI","455.891"
"Iceland","2062","Lower 95 PI","364.7"
"Iceland","2061","Medium","408.411"
"Iceland","2061","High","457.721"
"Iceland","2061","Low","362.038"
"Iceland","2061","Constant fertility","411.788"
"Iceland","2061","Instant replacement","451.413"
"Iceland","2061","Zero migration","388.139"
"Iceland","2061","Constant mortality","390.394"
"Iceland","2061","No change","393.769"
"Iceland","2061","Momentum","411.834"
"Iceland","2061","Instant replacement zero migration","429.699"
"Iceland","2061","Median PI","408.411"
"Iceland","2061","Upper 80 PI","437.047"
"Iceland","2061","Lower 80 PI","381.203"
"Iceland","2061","Upper 95 PI","454.162"
"Iceland","2061","Lower 95 PI","366.156"
"Iceland","2060","Medium","408.673"
"Iceland","2060","High","456.048"
"Iceland","2060","Low","363.882"
"Iceland","2060","Constant fertility","411.88"
"Iceland","2060","Instant replacement","449.966"
"Iceland","2060","Zero migration","388.995"
"Iceland","2060","Constant mortality","391.365"
"Iceland","2060","No change","394.577"
"Iceland","2060","Momentum","411.76"
"Iceland","2060","Instant replacement zero migration","428.932"
"Iceland","2060","Median PI","408.674"
"Iceland","2060","Upper 80 PI","435.956"
"Iceland","2060","Lower 80 PI","382.34"
"Iceland","2060","Upper 95 PI","452.543"
"Iceland","2060","Lower 95 PI","367.374"
"Iceland","2059","Medium","408.882"
"Iceland","2059","High","454.365"
"Iceland","2059","Low","365.649"
"Iceland","2059","Constant fertility","411.93"
"Iceland","2059","Instant replacement","448.501"
"Iceland","2059","Zero migration","389.801"
"Iceland","2059","Constant mortality","392.281"
"Iceland","2059","No change","395.334"
"Iceland","2059","Momentum","411.649"
"Iceland","2059","Instant replacement zero migration","428.135"
"Iceland","2059","Median PI","408.882"
"Iceland","2059","Upper 80 PI","434.878"
"Iceland","2059","Lower 80 PI","383.423"
"Iceland","2059","Upper 95 PI","451.223"
"Iceland","2059","Lower 95 PI","368.864"
"Iceland","2058","Medium","409.047"
"Iceland","2058","High","452.692"
"Iceland","2058","Low","367.348"
"Iceland","2058","Constant fertility","411.949"
"Iceland","2058","Instant replacement","447.039"
"Iceland","2058","Zero migration","390.553"
"Iceland","2058","Constant mortality","393.137"
"Iceland","2058","No change","396.04"
"Iceland","2058","Momentum","411.509"
"Iceland","2058","Instant replacement zero migration","427.327"
"Iceland","2058","Median PI","409.047"
"Iceland","2058","Upper 80 PI","434.063"
"Iceland","2058","Lower 80 PI","384.499"
"Iceland","2058","Upper 95 PI","449.794"
"Iceland","2058","Lower 95 PI","370.352"
"Iceland","2057","Medium","409.166"
"Iceland","2057","High","451.026"
"Iceland","2057","Low","368.966"
"Iceland","2057","Constant fertility","411.93"
"Iceland","2057","Instant replacement","445.579"
"Iceland","2057","Zero migration","391.254"
"Iceland","2057","Constant mortality","393.925"
"Iceland","2057","No change","396.696"
"Iceland","2057","Momentum","411.361"
"Iceland","2057","Instant replacement zero migration","426.509"
"Iceland","2057","Median PI","409.166"
"Iceland","2057","Upper 80 PI","433.317"
"Iceland","2057","Lower 80 PI","385.52"
"Iceland","2057","Upper 95 PI","448.45"
"Iceland","2057","Lower 95 PI","371.678"
"Iceland","2056","Medium","409.238"
"Iceland","2056","High","449.363"
"Iceland","2056","Low","370.498"
"Iceland","2056","Constant fertility","411.873"
"Iceland","2056","Instant replacement","444.115"
"Iceland","2056","Zero migration","391.901"
"Iceland","2056","Constant mortality","394.663"
"Iceland","2056","No change","397.303"
"Iceland","2056","Momentum","411.202"
"Iceland","2056","Instant replacement zero migration","425.681"
"Iceland","2056","Median PI","409.238"
"Iceland","2056","Upper 80 PI","432.579"
"Iceland","2056","Lower 80 PI","386.384"
"Iceland","2056","Upper 95 PI","447.127"
"Iceland","2056","Lower 95 PI","373.257"
"Iceland","2055","Medium","409.26"
"Iceland","2055","High","447.709"
"Iceland","2055","Low","371.952"
"Iceland","2055","Constant fertility","411.774"
"Iceland","2055","Instant replacement","442.657"
"Iceland","2055","Zero migration","392.5"
"Iceland","2055","Constant mortality","395.353"
"Iceland","2055","No change","397.87"
"Iceland","2055","Momentum","411.033"
"Iceland","2055","Instant replacement zero migration","424.86"
"Iceland","2055","Median PI","409.26"
"Iceland","2055","Upper 80 PI","431.824"
"Iceland","2055","Lower 80 PI","387.385"
"Iceland","2055","Upper 95 PI","445.838"
"Iceland","2055","Lower 95 PI","374.739"
"Iceland","2054","Medium","409.238"
"Iceland","2054","High","446.075"
"Iceland","2054","Low","373.334"
"Iceland","2054","Constant fertility","411.639"
"Iceland","2054","Instant replacement","441.218"
"Iceland","2054","Zero migration","393.055"
"Iceland","2054","Constant mortality","395.991"
"Iceland","2054","No change","398.392"
"Iceland","2054","Momentum","410.87"
"Iceland","2054","Instant replacement zero migration","424.051"
"Iceland","2054","Median PI","409.238"
"Iceland","2054","Upper 80 PI","431.049"
"Iceland","2054","Lower 80 PI","388.178"
"Iceland","2054","Upper 95 PI","444.506"
"Iceland","2054","Lower 95 PI","376.018"
"Iceland","2053","Medium","409.187"
"Iceland","2053","High","444.479"
"Iceland","2053","Low","374.649"
"Iceland","2053","Constant fertility","411.474"
"Iceland","2053","Instant replacement","439.807"
"Iceland","2053","Zero migration","393.568"
"Iceland","2053","Constant mortality","396.586"
"Iceland","2053","No change","398.873"
"Iceland","2053","Momentum","410.719"
"Iceland","2053","Instant replacement zero migration","423.262"
"Iceland","2053","Median PI","409.187"
"Iceland","2053","Upper 80 PI","430.127"
"Iceland","2053","Lower 80 PI","388.585"
"Iceland","2053","Upper 95 PI","443.035"
"Iceland","2053","Lower 95 PI","377.308"
"Iceland","2052","Medium","409.099"
"Iceland","2052","High","442.909"
"Iceland","2052","Low","375.89"
"Iceland","2052","Constant fertility","411.267"
"Iceland","2052","Instant replacement","438.418"
"Iceland","2052","Zero migration","394.037"
"Iceland","2052","Constant mortality","397.136"
"Iceland","2052","No change","399.312"
"Iceland","2052","Momentum","410.582"
"Iceland","2052","Instant replacement zero migration","422.49"
"Iceland","2052","Median PI","409.098"
"Iceland","2052","Upper 80 PI","429.061"
"Iceland","2052","Lower 80 PI","389.162"
"Iceland","2052","Upper 95 PI","441.698"
"Iceland","2052","Lower 95 PI","378.71"
"Iceland","2051","Medium","408.962"
"Iceland","2051","High","441.349"
"Iceland","2051","Low","377.051"
"Iceland","2051","Constant fertility","411.019"
"Iceland","2051","Instant replacement","437.053"
"Iceland","2051","Zero migration","394.46"
"Iceland","2051","Constant mortality","397.634"
"Iceland","2051","No change","399.697"
"Iceland","2051","Momentum","410.454"
"Iceland","2051","Instant replacement zero migration","421.736"
"Iceland","2051","Median PI","408.962"
"Iceland","2051","Upper 80 PI","428.074"
"Iceland","2051","Lower 80 PI","389.726"
"Iceland","2051","Upper 95 PI","439.939"
"Iceland","2051","Lower 95 PI","379.989"
"Iceland","2050","Medium","408.783"
"Iceland","2050","High","439.8"
"Iceland","2050","Low","378.144"
"Iceland","2050","Constant fertility","410.73"
"Iceland","2050","Instant replacement","435.704"
"Iceland","2050","Zero migration","394.836"
"Iceland","2050","Constant mortality","398.087"
"Iceland","2050","No change","400.039"
"Iceland","2050","Momentum","410.33"
"Iceland","2050","Instant replacement zero migration","420.988"
"Iceland","2050","Median PI","408.783"
"Iceland","2050","Upper 80 PI","427.199"
"Iceland","2050","Lower 80 PI","390.23"
"Iceland","2050","Upper 95 PI","438.205"
"Iceland","2050","Lower 95 PI","380.961"
"Iceland","2049","Medium","408.575"
"Iceland","2049","High","438.269"
"Iceland","2049","Low","379.183"
"Iceland","2049","Constant fertility","410.404"
"Iceland","2049","Instant replacement","434.365"
"Iceland","2049","Zero migration","395.175"
"Iceland","2049","Constant mortality","398.495"
"Iceland","2049","No change","400.327"
"Iceland","2049","Momentum","410.202"
"Iceland","2049","Instant replacement zero migration","420.241"
"Iceland","2049","Median PI","408.575"
"Iceland","2049","Upper 80 PI","426.302"
"Iceland","2049","Lower 80 PI","390.788"
"Iceland","2049","Upper 95 PI","437.009"
"Iceland","2049","Lower 95 PI","381.94"
"Iceland","2048","Medium","408.304"
"Iceland","2048","High","436.717"
"Iceland","2048","Low","380.137"
"Iceland","2048","Constant fertility","410.024"
"Iceland","2048","Instant replacement","433.025"
"Iceland","2048","Zero migration","395.459"
"Iceland","2048","Constant mortality","398.841"
"Iceland","2048","No change","400.56"
"Iceland","2048","Momentum","410.062"
"Iceland","2048","Instant replacement zero migration","419.498"
"Iceland","2048","Median PI","408.304"
"Iceland","2048","Upper 80 PI","425.374"
"Iceland","2048","Lower 80 PI","391.155"
"Iceland","2048","Upper 95 PI","435.798"
"Iceland","2048","Lower 95 PI","382.88"
"Iceland","2047","Medium","407.977"
"Iceland","2047","High","435.137"
"Iceland","2047","Low","381.014"
"Iceland","2047","Constant fertility","409.591"
"Iceland","2047","Instant replacement","431.671"
"Iceland","2047","Zero migration","395.678"
"Iceland","2047","Constant mortality","399.12"
"Iceland","2047","No change","400.734"
"Iceland","2047","Momentum","409.903"
"Iceland","2047","Instant replacement zero migration","418.738"
"Iceland","2047","Median PI","407.977"
"Iceland","2047","Upper 80 PI","424.547"
"Iceland","2047","Lower 80 PI","391.441"
"Iceland","2047","Upper 95 PI","434.447"
"Iceland","2047","Lower 95 PI","383.705"
"Iceland","2046","Medium","407.601"
"Iceland","2046","High","433.533"
"Iceland","2046","Low","381.839"
"Iceland","2046","Constant fertility","409.103"
"Iceland","2046","Instant replacement","430.296"
"Iceland","2046","Zero migration","395.849"
"Iceland","2046","Constant mortality","399.332"
"Iceland","2046","No change","400.832"
"Iceland","2046","Momentum","409.702"
"Iceland","2046","Instant replacement zero migration","417.952"
"Iceland","2046","Median PI","407.601"
"Iceland","2046","Upper 80 PI","423.484"
"Iceland","2046","Lower 80 PI","391.682"
"Iceland","2046","Upper 95 PI","432.989"
"Iceland","2046","Lower 95 PI","384.275"
"Iceland","2045","Medium","407.149"
"Iceland","2045","High","431.868"
"Iceland","2045","Low","382.575"
"Iceland","2045","Constant fertility","408.546"
"Iceland","2045","Instant replacement","428.88"
"Iceland","2045","Zero migration","395.942"
"Iceland","2045","Constant mortality","399.466"
"Iceland","2045","No change","400.863"
"Iceland","2045","Momentum","409.453"
"Iceland","2045","Instant replacement zero migration","417.124"
"Iceland","2045","Median PI","407.148"
"Iceland","2045","Upper 80 PI","422.255"
"Iceland","2045","Lower 80 PI","391.956"
"Iceland","2045","Upper 95 PI","431.246"
"Iceland","2045","Lower 95 PI","384.645"
"Iceland","2044","Medium","406.626"
"Iceland","2044","High","430.143"
"Iceland","2044","Low","383.232"
"Iceland","2044","Constant fertility","407.925"
"Iceland","2044","Instant replacement","427.413"
"Iceland","2044","Zero migration","395.954"
"Iceland","2044","Constant mortality","399.516"
"Iceland","2044","No change","400.818"
"Iceland","2044","Momentum","409.141"
"Iceland","2044","Instant replacement zero migration","416.236"
"Iceland","2044","Median PI","406.626"
"Iceland","2044","Upper 80 PI","421.056"
"Iceland","2044","Lower 80 PI","392.266"
"Iceland","2044","Upper 95 PI","429.377"
"Iceland","2044","Lower 95 PI","385.199"
"Iceland","2043","Medium","406.027"
"Iceland","2043","High","428.344"
"Iceland","2043","Low","383.813"
"Iceland","2043","Constant fertility","407.234"
"Iceland","2043","Instant replacement","425.885"
"Iceland","2043","Zero migration","395.888"
"Iceland","2043","Constant mortality","399.478"
"Iceland","2043","No change","400.687"
"Iceland","2043","Momentum","408.75"
"Iceland","2043","Instant replacement zero migration","415.281"
"Iceland","2043","Median PI","406.027"
"Iceland","2043","Upper 80 PI","419.663"
"Iceland","2043","Lower 80 PI","392.366"
"Iceland","2043","Upper 95 PI","427.49"
"Iceland","2043","Lower 95 PI","385.741"
"Iceland","2042","Medium","405.341"
"Iceland","2042","High","426.463"
"Iceland","2042","Low","384.307"
"Iceland","2042","Constant fertility","406.463"
"Iceland","2042","Instant replacement","424.284"
"Iceland","2042","Zero migration","395.743"
"Iceland","2042","Constant mortality","399.346"
"Iceland","2042","No change","400.466"
"Iceland","2042","Momentum","408.274"
"Iceland","2042","Instant replacement zero migration","414.257"
"Iceland","2042","Median PI","405.341"
"Iceland","2042","Upper 80 PI","418.158"
"Iceland","2042","Lower 80 PI","392.348"
"Iceland","2042","Upper 95 PI","425.445"
"Iceland","2042","Lower 95 PI","385.881"
"Iceland","2041","Medium","404.576"
"Iceland","2041","High","424.5"
"Iceland","2041","Low","384.724"
"Iceland","2041","Constant fertility","405.613"
"Iceland","2041","Instant replacement","422.601"
"Iceland","2041","Zero migration","395.519"
"Iceland","2041","Constant mortality","399.116"
"Iceland","2041","No change","400.153"
"Iceland","2041","Momentum","407.705"
"Iceland","2041","Instant replacement zero migration","413.154"
"Iceland","2041","Median PI","404.576"
"Iceland","2041","Upper 80 PI","416.744"
"Iceland","2041","Lower 80 PI","392.307"
"Iceland","2041","Upper 95 PI","423.491"
"Iceland","2041","Lower 95 PI","385.974"
"Iceland","2040","Medium","403.737"
"Iceland","2040","High","422.462"
"Iceland","2040","Low","385.072"
"Iceland","2040","Constant fertility","404.688"
"Iceland","2040","Instant replacement","420.842"
"Iceland","2040","Zero migration","395.207"
"Iceland","2040","Constant mortality","398.795"
"Iceland","2040","No change","399.749"
"Iceland","2040","Momentum","407.026"
"Iceland","2040","Instant replacement zero migration","411.958"
"Iceland","2040","Median PI","403.737"
"Iceland","2040","Upper 80 PI","415.319"
"Iceland","2040","Lower 80 PI","392.246"
"Iceland","2040","Upper 95 PI","421.534"
"Iceland","2040","Lower 95 PI","386.182"
"Iceland","2039","Medium","402.812"
"Iceland","2039","High","420.335"
"Iceland","2039","Low","385.342"
"Iceland","2039","Constant fertility","403.684"
"Iceland","2039","Instant replacement","419"
"Iceland","2039","Zero migration","394.807"
"Iceland","2039","Constant mortality","398.372"
"Iceland","2039","No change","399.245"
"Iceland","2039","Momentum","406.237"
"Iceland","2039","Instant replacement zero migration","410.673"
"Iceland","2039","Median PI","402.812"
"Iceland","2039","Upper 80 PI","413.713"
"Iceland","2039","Lower 80 PI","392.083"
"Iceland","2039","Upper 95 PI","419.455"
"Iceland","2039","Lower 95 PI","386.232"
"Iceland","2038","Medium","401.804"
"Iceland","2038","High","418.12"
"Iceland","2038","Low","385.529"
"Iceland","2038","Constant fertility","402.596"
"Iceland","2038","Instant replacement","417.07"
"Iceland","2038","Zero migration","394.317"
"Iceland","2038","Constant mortality","397.841"
"Iceland","2038","No change","398.632"
"Iceland","2038","Momentum","405.341"
"Iceland","2038","Instant replacement zero migration","409.297"
"Iceland","2038","Median PI","401.804"
"Iceland","2038","Upper 80 PI","412.092"
"Iceland","2038","Lower 80 PI","391.838"
"Iceland","2038","Upper 95 PI","417.399"
"Iceland","2038","Lower 95 PI","386.296"
"Iceland","2037","Medium","400.7"
"Iceland","2037","High","415.809"
"Iceland","2037","Low","385.624"
"Iceland","2037","Constant fertility","401.418"
"Iceland","2037","Instant replacement","415.051"
"Iceland","2037","Zero migration","393.731"
"Iceland","2037","Constant mortality","397.19"
"Iceland","2037","No change","397.909"
"Iceland","2037","Momentum","404.329"
"Iceland","2037","Instant replacement zero migration","407.834"
"Iceland","2037","Median PI","400.7"
"Iceland","2037","Upper 80 PI","410.407"
"Iceland","2037","Lower 80 PI","391.452"
"Iceland","2037","Upper 95 PI","415.172"
"Iceland","2037","Lower 95 PI","386.346"
"Iceland","2036","Medium","399.498"
"Iceland","2036","High","413.397"
"Iceland","2036","Low","385.629"
"Iceland","2036","Constant fertility","400.154"
"Iceland","2036","Instant replacement","412.943"
"Iceland","2036","Zero migration","393.043"
"Iceland","2036","Constant mortality","396.421"
"Iceland","2036","No change","397.077"
"Iceland","2036","Momentum","403.196"
"Iceland","2036","Instant replacement zero migration","406.271"
"Iceland","2036","Median PI","399.499"
"Iceland","2036","Upper 80 PI","408.528"
"Iceland","2036","Lower 80 PI","390.915"
"Iceland","2036","Upper 95 PI","412.841"
"Iceland","2036","Lower 95 PI","386.217"
"Iceland","2035","Medium","398.209"
"Iceland","2035","High","410.892"
"Iceland","2035","Low","385.55"
"Iceland","2035","Constant fertility","398.797"
"Iceland","2035","Instant replacement","410.741"
"Iceland","2035","Zero migration","392.255"
"Iceland","2035","Constant mortality","395.543"
"Iceland","2035","No change","396.13"
"Iceland","2035","Momentum","401.94"
"Iceland","2035","Instant replacement zero migration","404.597"
"Iceland","2035","Median PI","398.21"
"Iceland","2035","Upper 80 PI","406.53"
"Iceland","2035","Lower 80 PI","390.26"
"Iceland","2035","Upper 95 PI","410.547"
"Iceland","2035","Lower 95 PI","385.942"
"Iceland","2034","Medium","396.829"
"Iceland","2034","High","408.288"
"Iceland","2034","Low","385.384"
"Iceland","2034","Constant fertility","397.349"
"Iceland","2034","Instant replacement","408.447"
"Iceland","2034","Zero migration","391.368"
"Iceland","2034","Constant mortality","394.548"
"Iceland","2034","No change","395.07"
"Iceland","2034","Momentum","400.557"
"Iceland","2034","Instant replacement zero migration","402.828"
"Iceland","2034","Median PI","396.828"
"Iceland","2034","Upper 80 PI","404.395"
"Iceland","2034","Lower 80 PI","389.511"
"Iceland","2034","Upper 95 PI","408.074"
"Iceland","2034","Lower 95 PI","385.516"
"Iceland","2033","Medium","395.352"
"Iceland","2033","High","405.582"
"Iceland","2033","Low","385.13"
"Iceland","2033","Constant fertility","395.806"
"Iceland","2033","Instant replacement","406.051"
"Iceland","2033","Zero migration","390.384"
"Iceland","2033","Constant mortality","393.429"
"Iceland","2033","No change","393.887"
"Iceland","2033","Momentum","399.038"
"Iceland","2033","Instant replacement zero migration","400.953"
"Iceland","2033","Median PI","395.352"
"Iceland","2033","Upper 80 PI","402.195"
"Iceland","2033","Lower 80 PI","388.649"
"Iceland","2033","Upper 95 PI","405.484"
"Iceland","2033","Lower 95 PI","385"
"Iceland","2032","Medium","393.776"
"Iceland","2032","High","402.771"
"Iceland","2032","Low","384.786"
"Iceland","2032","Constant fertility","394.161"
"Iceland","2032","Instant replacement","403.548"
"Iceland","2032","Zero migration","389.291"
"Iceland","2032","Constant mortality","392.188"
"Iceland","2032","No change","392.577"
"Iceland","2032","Momentum","397.377"
"Iceland","2032","Instant replacement zero migration","398.955"
"Iceland","2032","Median PI","393.775"
"Iceland","2032","Upper 80 PI","399.98"
"Iceland","2032","Lower 80 PI","387.633"
"Iceland","2032","Upper 95 PI","402.896"
"Iceland","2032","Lower 95 PI","384.412"
"Iceland","2031","Medium","392.103"
"Iceland","2031","High","399.981"
"Iceland","2031","Low","384.231"
"Iceland","2031","Constant fertility","392.425"
"Iceland","2031","Instant replacement","400.949"
"Iceland","2031","Zero migration","388.094"
"Iceland","2031","Constant mortality","390.815"
"Iceland","2031","No change","391.139"
"Iceland","2031","Momentum","395.568"
"Iceland","2031","Instant replacement zero migration","396.848"
"Iceland","2031","Median PI","392.104"
"Iceland","2031","Upper 80 PI","397.693"
"Iceland","2031","Lower 80 PI","386.585"
"Iceland","2031","Upper 95 PI","400.275"
"Iceland","2031","Lower 95 PI","383.682"
"Iceland","2030","Medium","390.338"
"Iceland","2030","High","397.212"
"Iceland","2030","Low","383.468"
"Iceland","2030","Constant fertility","390.59"
"Iceland","2030","Instant replacement","398.241"
"Iceland","2030","Zero migration","386.798"
"Iceland","2030","Constant mortality","389.318"
"Iceland","2030","No change","389.571"
"Iceland","2030","Momentum","393.613"
"Iceland","2030","Instant replacement zero migration","394.629"
"Iceland","2030","Median PI","390.338"
"Iceland","2030","Upper 80 PI","395.246"
"Iceland","2030","Lower 80 PI","385.46"
"Iceland","2030","Upper 95 PI","397.612"
"Iceland","2030","Lower 95 PI","382.868"
"Iceland","2029","Medium","388.471"
"Iceland","2029","High","394.334"
"Iceland","2029","Low","382.613"
"Iceland","2029","Constant fertility","388.659"
"Iceland","2029","Instant replacement","395.43"
"Iceland","2029","Zero migration","385.387"
"Iceland","2029","Constant mortality","387.694"
"Iceland","2029","No change","387.88"
"Iceland","2029","Momentum","391.51"
"Iceland","2029","Instant replacement zero migration","392.29"
"Iceland","2029","Median PI","388.471"
"Iceland","2029","Upper 80 PI","392.665"
"Iceland","2029","Lower 80 PI","384.23"
"Iceland","2029","Upper 95 PI","394.847"
"Iceland","2029","Lower 95 PI","382.002"
"Iceland","2028","Medium","386.498"
"Iceland","2028","High","391.339"
"Iceland","2028","Low","381.662"
"Iceland","2028","Constant fertility","386.633"
"Iceland","2028","Instant replacement","392.518"
"Iceland","2028","Zero migration","383.856"
"Iceland","2028","Constant mortality","385.925"
"Iceland","2028","No change","386.06"
"Iceland","2028","Momentum","389.262"
"Iceland","2028","Instant replacement zero migration","389.836"
"Iceland","2028","Median PI","386.499"
"Iceland","2028","Upper 80 PI","390.017"
"Iceland","2028","Lower 80 PI","382.896"
"Iceland","2028","Upper 95 PI","391.884"
"Iceland","2028","Lower 95 PI","381.025"
"Iceland","2027","Medium","384.427"
"Iceland","2027","High","388.236"
"Iceland","2027","Low","380.62"
"Iceland","2027","Constant fertility","384.518"
"Iceland","2027","Instant replacement","389.509"
"Iceland","2027","Zero migration","382.214"
"Iceland","2027","Constant mortality","384.026"
"Iceland","2027","No change","384.118"
"Iceland","2027","Momentum","386.875"
"Iceland","2027","Instant replacement zero migration","387.269"
"Iceland","2027","Median PI","384.427"
"Iceland","2027","Upper 80 PI","387.318"
"Iceland","2027","Lower 80 PI","381.441"
"Iceland","2027","Upper 95 PI","388.832"
"Iceland","2027","Lower 95 PI","379.934"
"Iceland","2026","Medium","382.26"
"Iceland","2026","High","385.224"
"Iceland","2026","Low","379.296"
"Iceland","2026","Constant fertility","382.321"
"Iceland","2026","Instant replacement","386.411"
"Iceland","2026","Zero migration","380.468"
"Iceland","2026","Constant mortality","382.005"
"Iceland","2026","No change","382.064"
"Iceland","2026","Momentum","384.354"
"Iceland","2026","Instant replacement zero migration","384.603"
"Iceland","2026","Median PI","382.26"
"Iceland","2026","Upper 80 PI","384.564"
"Iceland","2026","Lower 80 PI","379.863"
"Iceland","2026","Upper 95 PI","385.751"
"Iceland","2026","Lower 95 PI","378.733"
"Iceland","2025","Medium","380.01"
"Iceland","2025","High","382.318"
"Iceland","2025","Low","377.7"
"Iceland","2025","Constant fertility","380.048"
"Iceland","2025","Instant replacement","383.237"
"Iceland","2025","Zero migration","378.634"
"Iceland","2025","Constant mortality","379.866"
"Iceland","2025","No change","379.904"
"Iceland","2025","Momentum","381.712"
"Iceland","2025","Instant replacement zero migration","381.852"
"Iceland","2025","Median PI","380.01"
"Iceland","2025","Upper 80 PI","381.746"
"Iceland","2025","Lower 80 PI","378.189"
"Iceland","2025","Upper 95 PI","382.64"
"Iceland","2025","Lower 95 PI","377.371"
"Iceland","2024","Medium","377.689"
"Iceland","2024","High","379.341"
"Iceland","2024","Low","376.036"
"Iceland","2024","Constant fertility","377.71"
"Iceland","2024","Instant replacement","379.992"
"Iceland","2024","Zero migration","376.722"
"Iceland","2024","Constant mortality","377.623"
"Iceland","2024","No change","377.644"
"Iceland","2024","Momentum","378.957"
"Iceland","2024","Instant replacement zero migration","379.021"
"Iceland","2024","Median PI","377.689"
"Iceland","2024","Upper 80 PI","378.887"
"Iceland","2024","Lower 80 PI","376.451"
"Iceland","2024","Upper 95 PI","379.546"
"Iceland","2024","Lower 95 PI","375.867"
"Iceland","2023","Medium","375.318"
"Iceland","2023","High","376.31"
"Iceland","2023","Low","374.327"
"Iceland","2023","Constant fertility","375.325"
"Iceland","2023","Instant replacement","376.695"
"Iceland","2023","Zero migration","374.744"
"Iceland","2023","Constant mortality","375.3"
"Iceland","2023","No change","375.307"
"Iceland","2023","Momentum","376.106"
"Iceland","2023","Instant replacement zero migration","376.121"
"Iceland","2023","Median PI","375.318"
"Iceland","2023","Upper 80 PI","376.014"
"Iceland","2023","Lower 80 PI","374.613"
"Iceland","2023","Upper 95 PI","376.418"
"Iceland","2023","Lower 95 PI","374.268"
"Iceland","2022","Medium","372.899"
"Iceland","2022","High","373.229"
"Iceland","2022","Low","372.568"
"Iceland","2022","Constant fertility","372.899"
"Iceland","2022","Instant replacement","373.356"
"Iceland","2022","Zero migration","372.707"
"Iceland","2022","Constant mortality","372.899"
"Iceland","2022","No change","372.899"
"Iceland","2022","Momentum","373.164"
"Iceland","2022","Instant replacement zero migration","373.164"
"Iceland","2022","Median PI","372.898"
"Iceland","2022","Upper 80 PI","373.124"
"Iceland","2022","Lower 80 PI","372.668"
"Iceland","2022","Upper 95 PI","373.257"
"Iceland","2022","Lower 95 PI","372.56"
"Iceland","2021","Medium","370.335"
"Iceland","2020","Medium","366.669"
"Iceland","2019","Medium","360.774"
"Iceland","2018","Medium","352.946"
"Iceland","2017","Medium","343.632"
"Iceland","2016","Medium","335.675"
"Iceland","2015","Medium","331.06"
"Iceland","2014","Medium","327.644"
"Iceland","2013","Medium","324.024"
"Iceland","2012","Medium","320.979"
"Iceland","2011","Medium","319.293"
"Iceland","2010","Medium","318.333"
"Iceland","2009","Medium","318.8"
"Iceland","2008","Medium","317.715"
"Iceland","2007","Medium","311.853"
"Iceland","2006","Medium","304.07"
"Iceland","2005","Medium","297.029"
"Iceland","2004","Medium","292.361"
"Iceland","2003","Medium","289.801"
"Iceland","2002","Medium","287.798"
"Iceland","2001","Medium","285.238"
"Iceland","2000","Medium","281.462"
"Iceland","1999","Medium","277.626"
"Iceland","1998","Medium","274.285"
"Iceland","1997","Medium","271.356"
"Iceland","1996","Medium","269.137"
"Iceland","1995","Medium","267.681"
"Iceland","1994","Medium","266.224"
"Iceland","1993","Medium","263.932"
"Iceland","1992","Medium","261.262"
"Iceland","1991","Medium","257.991"
"Iceland","1990","Medium","255.019"
"Iceland","1989","Medium","253.042"
"Iceland","1988","Medium","249.917"
"Iceland","1987","Medium","246.032"
"Iceland","1986","Medium","243.357"
"Iceland","1985","Medium","241.577"
"Iceland","1984","Medium","239.677"
"Iceland","1983","Medium","237.131"
"Iceland","1982","Medium","233.995"
"Iceland","1981","Medium","230.882"
"Iceland","1980","Medium","228.263"
"Iceland","1979","Medium","225.853"
"Iceland","1978","Medium","223.641"
"Iceland","1977","Medium","221.887"
"Iceland","1976","Medium","220.244"
"Iceland","1975","Medium","218.07"
"Iceland","1974","Medium","215.281"
"Iceland","1973","Medium","212.374"
"Iceland","1972","Medium","209.191"
"Iceland","1971","Medium","206.171"
"Iceland","1970","Medium","204.468"
"Iceland","1969","Medium","203.337"
"Iceland","1968","Medium","201.471"
"Iceland","1967","Medium","198.726"
"Iceland","1966","Medium","195.53"
"Iceland","1965","Medium","192.309"
"Iceland","1964","Medium","189.095"
"Iceland","1963","Medium","185.766"
"Iceland","1962","Medium","182.415"
"Iceland","1961","Medium","179.022"
"Iceland","1960","Medium","175.566"
"Iceland","1959","Medium","172"
"Iceland","1958","Medium","168.472"
"Iceland","1957","Medium","164.732"
"Iceland","1956","Medium","161.059"
"Iceland","1955","Medium","157.735"
"Iceland","1954","Medium","154.263"
"Iceland","1953","Medium","150.738"
"Iceland","1952","Medium","147.749"
"Iceland","1951","Medium","145.394"
"Iceland","1950","Medium","142.65"

